date,service,region,cost,currency,charge type
2026-09-01,Amazon EC2,us-east-1,5.42,USD,Usage
2026-09-02,Amazon EC2,us-east-1,6.27,USD,Usage
2026-09-03,Amazon EC2,us-east-1,7.12,USD,Usage
2026-09-04,Amazon EC2,us-east-1,5.35,USD,Usage
2026-09-05,Amazon EC2,us-east-1,6.20,USD,Usage
2026-09-06,Amazon EC2,us-east-1,7.05,USD,Usage
2026-09-07,Amazon EC2,us-east-1,5.29,USD,Usage
2026-09-08,Amazon EC2,us-east-1,6.14,USD,Usage
2026-09-09,Amazon EC2,us-east-1,6.99,USD,Usage
2026-09-10,Amazon EC2,us-east-1,5.22,USD,Usage
2026-09-11,Amazon EC2,us-east-1,6.07,USD,Usage
2026-09-12,Amazon EC2,us-east-1,6.92,USD,Usage
2026-09-13,Amazon EC2,us-east-1,5.16,USD,Usage
2026-09-14,Amazon EC2,us-east-1,6.01,USD,Usage
2026-09-15,Amazon EC2,us-east-1,6.86,USD,Usage
2026-09-16,Amazon EC2,us-east-1,5.09,USD,Usage
2026-09-17,Amazon EC2,us-east-1,5.94,USD,Usage
2026-09-18,Amazon EC2,us-east-1,6.79,USD,Usage
2026-09-19,Amazon EC2,us-east-1,8.29,USD,Usage
2026-09-20,Amazon EC2,us-east-1,9.14,USD,Usage
2026-09-21,Amazon EC2,us-east-1,9.99,USD,Usage
2026-09-22,Amazon EC2,us-east-1,8.23,USD,Usage
2026-09-23,Amazon EC2,us-east-1,9.08,USD,Usage
2026-09-24,Amazon EC2,us-east-1,9.92,USD,Usage
2026-09-25,Amazon EC2,us-east-1,8.16,USD,Usage
2026-09-26,Amazon EC2,us-east-1,9.01,USD,Usage
2026-09-27,Amazon EC2,us-east-1,9.86,USD,Usage
2026-09-28,Amazon EC2,us-east-1,8.10,USD,Usage
2026-09-29,Amazon EC2,us-east-1,8.94,USD,Usage
2026-09-30,Amazon EC2,us-east-1,9.79,USD,Usage
2026-09-01,Amazon RDS,us-east-1,3.00,USD,Usage
2026-09-02,Amazon RDS,us-east-1,3.43,USD,Usage
2026-09-03,Amazon RDS,us-east-1,2.53,USD,Usage
2026-09-04,Amazon RDS,us-east-1,2.96,USD,Usage
2026-09-05,Amazon RDS,us-east-1,3.40,USD,Usage
2026-09-06,Amazon RDS,us-east-1,2.50,USD,Usage
2026-09-07,Amazon RDS,us-east-1,2.93,USD,Usage
2026-09-08,Amazon RDS,us-east-1,3.36,USD,Usage
2026-09-09,Amazon RDS,us-east-1,2.46,USD,Usage
2026-09-10,Amazon RDS,us-east-1,2.90,USD,Usage
2026-09-11,Amazon RDS,us-east-1,3.33,USD,Usage
2026-09-12,Amazon RDS,us-east-1,2.43,USD,Usage
2026-09-13,Amazon RDS,us-east-1,2.86,USD,Usage
2026-09-14,Amazon RDS,us-east-1,3.30,USD,Usage
2026-09-15,Amazon RDS,us-east-1,2.40,USD,Usage
2026-09-16,Amazon RDS,us-east-1,2.83,USD,Usage
2026-09-17,Amazon RDS,us-east-1,3.26,USD,Usage
2026-09-18,Amazon RDS,us-east-1,2.36,USD,Usage
2026-09-19,Amazon RDS,us-east-1,2.80,USD,Usage
2026-09-20,Amazon RDS,us-east-1,3.23,USD,Usage
2026-09-21,Amazon RDS,us-east-1,2.33,USD,Usage
2026-09-22,Amazon RDS,us-east-1,2.76,USD,Usage
2026-09-23,Amazon RDS,us-east-1,3.20,USD,Usage
2026-09-24,Amazon RDS,us-east-1,3.63,USD,Usage
2026-09-25,Amazon RDS,us-east-1,2.73,USD,Usage
2026-09-26,Amazon RDS,us-east-1,3.16,USD,Usage
2026-09-27,Amazon RDS,us-east-1,3.60,USD,Usage
2026-09-28,Amazon RDS,us-east-1,2.70,USD,Usage
2026-09-29,Amazon RDS,us-east-1,3.13,USD,Usage
2026-09-30,Amazon RDS,us-east-1,3.59,USD,Usage
2026-09-01,Amazon S3,us-east-1,0.98,USD,Usage
2026-09-02,Amazon S3,us-east-1,0.71,USD,Usage
2026-09-03,Amazon S3,us-east-1,0.84,USD,Usage
2026-09-04,Amazon S3,us-east-1,0.97,USD,Usage
2026-09-05,Amazon S3,us-east-1,1.10,USD,Usage
2026-09-06,Amazon S3,us-east-1,0.83,USD,Usage
2026-09-07,Amazon S3,us-east-1,0.96,USD,Usage
2026-09-08,Amazon S3,us-east-1,1.09,USD,Usage
2026-09-09,Amazon S3,us-east-1,0.82,USD,Usage
2026-09-10,Amazon S3,us-east-1,0.95,USD,Usage
2026-09-11,Amazon S3,us-east-1,1.08,USD,Usage
2026-09-12,Amazon S3,us-east-1,0.81,USD,Usage
2026-09-13,Amazon S3,us-east-1,0.94,USD,Usage
2026-09-14,Amazon S3,us-east-1,1.07,USD,Usage
2026-09-15,Amazon S3,us-east-1,0.80,USD,Usage
2026-09-16,Amazon S3,us-east-1,0.93,USD,Usage
2026-09-17,Amazon S3,us-east-1,1.06,USD,Usage
2026-09-18,Amazon S3,us-east-1,0.79,USD,Usage
2026-09-19,Amazon S3,us-east-1,0.92,USD,Usage
2026-09-20,Amazon S3,us-east-1,1.05,USD,Usage
2026-09-21,Amazon S3,us-east-1,0.78,USD,Usage
2026-09-22,Amazon S3,us-east-1,0.91,USD,Usage
2026-09-23,Amazon S3,us-east-1,1.04,USD,Usage
2026-09-24,Amazon S3,us-east-1,0.77,USD,Usage
2026-09-25,Amazon S3,us-east-1,0.90,USD,Usage
2026-09-26,Amazon S3,us-east-1,1.03,USD,Usage
2026-09-27,Amazon S3,us-east-1,0.76,USD,Usage
2026-09-28,Amazon S3,us-east-1,0.89,USD,Usage
2026-09-29,Amazon S3,us-east-1,1.02,USD,Usage
2026-09-30,Amazon S3,us-east-1,0.80,USD,Usage
2026-09-01,AWS Lambda,us-east-1,0.33,USD,Usage
2026-09-02,AWS Lambda,us-east-1,0.24,USD,Usage
2026-09-03,AWS Lambda,us-east-1,0.28,USD,Usage
2026-09-04,AWS Lambda,us-east-1,0.33,USD,Usage
2026-09-05,AWS Lambda,us-east-1,0.24,USD,Usage
2026-09-06,AWS Lambda,us-east-1,0.28,USD,Usage
2026-09-07,AWS Lambda,us-east-1,0.32,USD,Usage
2026-09-08,AWS Lambda,us-east-1,0.24,USD,Usage
2026-09-09,AWS Lambda,us-east-1,0.28,USD,Usage
2026-09-10,AWS Lambda,us-east-1,0.32,USD,Usage
2026-09-11,AWS Lambda,us-east-1,0.23,USD,Usage
2026-09-12,AWS Lambda,us-east-1,0.28,USD,Usage
2026-09-13,AWS Lambda,us-east-1,0.32,USD,Usage
2026-09-14,AWS Lambda,us-east-1,0.23,USD,Usage
2026-09-15,AWS Lambda,us-east-1,0.27,USD,Usage
2026-09-16,AWS Lambda,us-east-1,0.31,USD,Usage
2026-09-17,AWS Lambda,us-east-1,0.23,USD,Usage
2026-09-18,AWS Lambda,us-east-1,0.27,USD,Usage
2026-09-19,AWS Lambda,us-east-1,0.31,USD,Usage
2026-09-20,AWS Lambda,us-east-1,0.22,USD,Usage
2026-09-21,AWS Lambda,us-east-1,0.27,USD,Usage
2026-09-22,AWS Lambda,us-east-1,0.31,USD,Usage
2026-09-23,AWS Lambda,us-east-1,0.22,USD,Usage
2026-09-24,AWS Lambda,us-east-1,0.26,USD,Usage
2026-09-25,AWS Lambda,us-east-1,0.30,USD,Usage
2026-09-26,AWS Lambda,us-east-1,0.34,USD,Usage
2026-09-27,AWS Lambda,us-east-1,0.26,USD,Usage
2026-09-28,AWS Lambda,us-east-1,0.30,USD,Usage
2026-09-29,AWS Lambda,us-east-1,0.34,USD,Usage
2026-09-30,AWS Lambda,us-east-1,0.27,USD,Usage
2026-09-01,Data Transfer,us-east-1,1.07,USD,Usage
2026-09-02,Data Transfer,us-east-1,1.26,USD,Usage
2026-09-03,Data Transfer,us-east-1,1.46,USD,Usage
2026-09-04,Data Transfer,us-east-1,1.05,USD,Usage
2026-09-05,Data Transfer,us-east-1,1.25,USD,Usage
2026-09-06,Data Transfer,us-east-1,1.44,USD,Usage
2026-09-07,Data Transfer,us-east-1,1.64,USD,Usage
2026-09-08,Data Transfer,us-east-1,1.23,USD,Usage
2026-09-09,Data Transfer,us-east-1,1.43,USD,Usage
2026-09-10,Data Transfer,us-east-1,1.62,USD,Usage
2026-09-11,Data Transfer,us-east-1,1.22,USD,Usage
2026-09-12,Data Transfer,us-east-1,1.41,USD,Usage
2026-09-13,Data Transfer,us-east-1,1.61,USD,Usage
2026-09-14,Data Transfer,us-east-1,1.20,USD,Usage
2026-09-15,Data Transfer,us-east-1,1.40,USD,Usage
2026-09-16,Data Transfer,us-east-1,1.59,USD,Usage
2026-09-17,Data Transfer,us-east-1,1.19,USD,Usage
2026-09-18,Data Transfer,us-east-1,1.38,USD,Usage
2026-09-19,Data Transfer,us-east-1,1.58,USD,Usage
2026-09-20,Data Transfer,us-east-1,1.17,USD,Usage
2026-09-21,Data Transfer,us-east-1,1.37,USD,Usage
2026-09-22,Data Transfer,us-east-1,1.56,USD,Usage
2026-09-23,Data Transfer,us-east-1,2.51,USD,Usage
2026-09-24,Data Transfer,us-east-1,1.35,USD,Usage
2026-09-25,Data Transfer,us-east-1,1.55,USD,Usage
2026-09-26,Data Transfer,us-east-1,1.14,USD,Usage
2026-09-27,Data Transfer,us-east-1,1.34,USD,Usage
2026-09-28,Data Transfer,us-east-1,1.53,USD,Usage
2026-09-29,Data Transfer,us-east-1,1.13,USD,Usage
2026-09-30,Data Transfer,us-east-1,1.32,USD,Usage
2026-09-30,Amazon EC2,us-east-1,-15.00,USD,Credit
